annotation_id,pmid,gold_label,t1_predicted,t1_confidence,t1_correct,t2_error_probability,t2_uncertainty_signal,t2_monitoring_verdict,t2_monitoring_correct,t3_action,t3_revised_label,t3_justification,t3_final_label,t3_final_correct,t3_rational,model
SOEA_0001,41849674,INCONCLUSIVE,INCONCLUSIVE,0.75,1,0.5,API_ERROR,LIKELY_CORRECT,True,COMMIT,,API_ERROR,INCONCLUSIVE,True,True,GPT-4.1
SOEA_0002,41804130,INCONCLUSIVE,INCONCLUSIVE,0.85,1,0.5,API_ERROR,LIKELY_CORRECT,True,COMMIT,,API_ERROR,INCONCLUSIVE,True,True,GPT-4.1
SOEA_0003,41795860,INCONCLUSIVE,INCONCLUSIVE,0.6,1,0.5,API_ERROR,LIKELY_CORRECT,True,COMMIT,,API_ERROR,INCONCLUSIVE,True,True,GPT-4.1
SOEA_0004,41855450,SUPPORTED,SUPPORTED,0.98,1,0.5,API_ERROR,LIKELY_CORRECT,True,COMMIT,,API_ERROR,SUPPORTED,True,True,GPT-4.1
SOEA_0005,41791832,INCONCLUSIVE,INCONCLUSIVE,0.65,1,0.5,API_ERROR,LIKELY_CORRECT,True,COMMIT,,API_ERROR,INCONCLUSIVE,True,True,GPT-4.1
SOEA_0006,41833067,INCONCLUSIVE,INCONCLUSIVE,0.65,1,0.5,API_ERROR,LIKELY_CORRECT,True,COMMIT,,API_ERROR,INCONCLUSIVE,True,True,GPT-4.1
SOEA_0007,41463775,REFUTED,SUPPORTED,0.95,0,0.5,API_ERROR,LIKELY_CORRECT,False,COMMIT,,API_ERROR,SUPPORTED,False,False,GPT-4.1
SOEA_0008,41827745,INCONCLUSIVE,INCONCLUSIVE,0.4,1,0.5,API_ERROR,LIKELY_CORRECT,True,COMMIT,,API_ERROR,INCONCLUSIVE,True,True,GPT-4.1
SOEA_0009,27430709,INCONCLUSIVE,INCONCLUSIVE,0.75,1,0.5,API_ERROR,LIKELY_CORRECT,True,COMMIT,,API_ERROR,INCONCLUSIVE,True,True,GPT-4.1
SOEA_0010,41828511,INCONCLUSIVE,INCONCLUSIVE,0.65,1,0.5,API_ERROR,LIKELY_CORRECT,True,COMMIT,,API_ERROR,INCONCLUSIVE,True,True,GPT-4.1
SOEA_0011,28404091,REFUTED,SUPPORTED,0.98,0,0.5,API_ERROR,LIKELY_CORRECT,False,COMMIT,,API_ERROR,SUPPORTED,False,False,GPT-4.1
SOEA_0012,41527772,INCONCLUSIVE,INCONCLUSIVE,0.95,1,0.5,API_ERROR,LIKELY_CORRECT,True,COMMIT,,API_ERROR,INCONCLUSIVE,True,True,GPT-4.1
SOEA_0013,41828611,INCONCLUSIVE,INCONCLUSIVE,0.75,1,0.5,API_ERROR,LIKELY_CORRECT,True,COMMIT,,API_ERROR,INCONCLUSIVE,True,True,GPT-4.1
SOEA_0014,33554076,INCONCLUSIVE,INCONCLUSIVE,0.85,1,0.5,API_ERROR,LIKELY_CORRECT,True,COMMIT,,API_ERROR,INCONCLUSIVE,True,True,GPT-4.1
SOEA_0015,41853083,INCONCLUSIVE,INCONCLUSIVE,0.75,1,0.5,API_ERROR,LIKELY_CORRECT,True,COMMIT,,API_ERROR,INCONCLUSIVE,True,True,GPT-4.1
SOEA_0016,41795601,INCONCLUSIVE,INCONCLUSIVE,0.85,1,0.5,API_ERROR,LIKELY_CORRECT,True,COMMIT,,API_ERROR,INCONCLUSIVE,True,True,GPT-4.1
SOEA_0017,41838849,INCONCLUSIVE,INCONCLUSIVE,0.75,1,0.5,API_ERROR,LIKELY_CORRECT,True,COMMIT,,API_ERROR,INCONCLUSIVE,True,True,GPT-4.1
SOEA_0018,41804555,SUPPORTED,SUPPORTED,0.95,1,0.5,API_ERROR,LIKELY_CORRECT,True,COMMIT,,API_ERROR,SUPPORTED,True,True,GPT-4.1
SOEA_0019,41538748,INCONCLUSIVE,SUPPORTED,0.85,0,0.5,API_ERROR,LIKELY_CORRECT,False,COMMIT,,API_ERROR,SUPPORTED,False,False,GPT-4.1
SOEA_0020,41854471,INCONCLUSIVE,INCONCLUSIVE,0.95,1,0.5,API_ERROR,LIKELY_CORRECT,True,COMMIT,,API_ERROR,INCONCLUSIVE,True,True,GPT-4.1
SOEA_0021,41579852,INCONCLUSIVE,INCONCLUSIVE,0.75,1,0.5,API_ERROR,LIKELY_CORRECT,True,COMMIT,,API_ERROR,INCONCLUSIVE,True,True,GPT-4.1
SOEA_0022,41822514,INCONCLUSIVE,INCONCLUSIVE,0.85,1,0.5,API_ERROR,LIKELY_CORRECT,True,COMMIT,,API_ERROR,INCONCLUSIVE,True,True,GPT-4.1
SOEA_0023,41850192,INCONCLUSIVE,INCONCLUSIVE,0.95,1,0.5,API_ERROR,LIKELY_CORRECT,True,COMMIT,,API_ERROR,INCONCLUSIVE,True,True,GPT-4.1
SOEA_0024,41844720,INCONCLUSIVE,INCONCLUSIVE,0.3,1,0.5,API_ERROR,LIKELY_CORRECT,True,COMMIT,,API_ERROR,INCONCLUSIVE,True,True,GPT-4.1
SOEA_0025,39362263,INCONCLUSIVE,SUPPORTED,0.9,0,0.5,API_ERROR,LIKELY_CORRECT,False,COMMIT,,API_ERROR,SUPPORTED,False,False,GPT-4.1
SOEA_0026,40098902,REFUTED,SUPPORTED,0.95,0,0.5,API_ERROR,LIKELY_CORRECT,False,COMMIT,,API_ERROR,SUPPORTED,False,False,GPT-4.1
SOEA_0027,41405563,REFUTED,SUPPORTED,0.95,0,0.5,API_ERROR,LIKELY_CORRECT,False,COMMIT,,API_ERROR,SUPPORTED,False,False,GPT-4.1
SOEA_0028,41855477,INCONCLUSIVE,SUPPORTED,0.85,0,0.5,API_ERROR,LIKELY_CORRECT,False,COMMIT,,API_ERROR,SUPPORTED,False,False,GPT-4.1
SOEA_0029,41823241,INCONCLUSIVE,INCONCLUSIVE,0.65,1,0.5,API_ERROR,LIKELY_CORRECT,True,COMMIT,,API_ERROR,INCONCLUSIVE,True,True,GPT-4.1
SOEA_0030,41831217,INCONCLUSIVE,INCONCLUSIVE,0.85,1,0.5,API_ERROR,LIKELY_CORRECT,True,COMMIT,,API_ERROR,INCONCLUSIVE,True,True,GPT-4.1
SOEA_0031,36617951,INCONCLUSIVE,INCONCLUSIVE,0.65,1,0.5,API_ERROR,LIKELY_CORRECT,True,COMMIT,,API_ERROR,INCONCLUSIVE,True,True,GPT-4.1
SOEA_0032,30231024,INCONCLUSIVE,INCONCLUSIVE,0.65,1,0.5,API_ERROR,LIKELY_CORRECT,True,COMMIT,,API_ERROR,INCONCLUSIVE,True,True,GPT-4.1
SOEA_0033,41836166,INCONCLUSIVE,INCONCLUSIVE,0.4,1,0.5,API_ERROR,LIKELY_CORRECT,True,COMMIT,,API_ERROR,INCONCLUSIVE,True,True,GPT-4.1
SOEA_0034,41824841,INCONCLUSIVE,INCONCLUSIVE,0.65,1,0.5,API_ERROR,LIKELY_CORRECT,True,COMMIT,,API_ERROR,INCONCLUSIVE,True,True,GPT-4.1
SOEA_0035,41834064,INCONCLUSIVE,INCONCLUSIVE,0.65,1,0.5,API_ERROR,LIKELY_CORRECT,True,COMMIT,,API_ERROR,INCONCLUSIVE,True,True,GPT-4.1
SOEA_0036,41800718,INCONCLUSIVE,INCONCLUSIVE,0.6,1,0.5,API_ERROR,LIKELY_CORRECT,True,COMMIT,,API_ERROR,INCONCLUSIVE,True,True,GPT-4.1
SOEA_0037,41771582,INCONCLUSIVE,INCONCLUSIVE,0.7,1,0.5,API_ERROR,LIKELY_CORRECT,True,COMMIT,,API_ERROR,INCONCLUSIVE,True,True,GPT-4.1
SOEA_0038,41813059,INCONCLUSIVE,INCONCLUSIVE,0.6,1,0.5,API_ERROR,LIKELY_CORRECT,True,COMMIT,,API_ERROR,INCONCLUSIVE,True,True,GPT-4.1
SOEA_0039,38707421,INCONCLUSIVE,INCONCLUSIVE,0.85,1,0.5,API_ERROR,LIKELY_CORRECT,True,COMMIT,,API_ERROR,INCONCLUSIVE,True,True,GPT-4.1
SOEA_0040,41824845,INCONCLUSIVE,INCONCLUSIVE,0.7,1,0.5,API_ERROR,LIKELY_CORRECT,True,COMMIT,,API_ERROR,INCONCLUSIVE,True,True,GPT-4.1
SOEA_0041,41855174,INCONCLUSIVE,INCONCLUSIVE,0.95,1,0.5,API_ERROR,LIKELY_CORRECT,True,COMMIT,,API_ERROR,INCONCLUSIVE,True,True,GPT-4.1
SOEA_0042,29914924,INCONCLUSIVE,INCONCLUSIVE,0.75,1,0.5,API_ERROR,LIKELY_CORRECT,True,COMMIT,,API_ERROR,INCONCLUSIVE,True,True,GPT-4.1
SOEA_0043,41828494,INCONCLUSIVE,INCONCLUSIVE,0.85,1,0.5,API_ERROR,LIKELY_CORRECT,True,COMMIT,,API_ERROR,INCONCLUSIVE,True,True,GPT-4.1
SOEA_0044,41405208,INCONCLUSIVE,SUPPORTED,0.95,0,0.5,API_ERROR,LIKELY_CORRECT,False,COMMIT,,API_ERROR,SUPPORTED,False,False,GPT-4.1
SOEA_0045,41852066,INCONCLUSIVE,INCONCLUSIVE,0.65,1,0.5,API_ERROR,LIKELY_CORRECT,True,COMMIT,,API_ERROR,INCONCLUSIVE,True,True,GPT-4.1
SOEA_0046,41837133,INCONCLUSIVE,SUPPORTED,0.95,0,0.5,API_ERROR,LIKELY_CORRECT,False,COMMIT,,API_ERROR,SUPPORTED,False,False,GPT-4.1
SOEA_0047,41564397,INCONCLUSIVE,INCONCLUSIVE,0.7,1,0.5,API_ERROR,LIKELY_CORRECT,True,COMMIT,,API_ERROR,INCONCLUSIVE,True,True,GPT-4.1
SOEA_0048,41826267,INCONCLUSIVE,SUPPORTED,0.95,0,0.5,API_ERROR,LIKELY_CORRECT,False,COMMIT,,API_ERROR,SUPPORTED,False,False,GPT-4.1
SOEA_0049,41757470,INCONCLUSIVE,INCONCLUSIVE,0.75,1,0.5,API_ERROR,LIKELY_CORRECT,True,COMMIT,,API_ERROR,INCONCLUSIVE,True,True,GPT-4.1
SOEA_0050,41691771,REFUTED,INCONCLUSIVE,0.85,0,0.5,API_ERROR,LIKELY_CORRECT,False,COMMIT,,API_ERROR,INCONCLUSIVE,False,False,GPT-4.1
SOEA_0051,26787790,REFUTED,INCONCLUSIVE,0.85,0,0.5,API_ERROR,LIKELY_CORRECT,False,COMMIT,,API_ERROR,INCONCLUSIVE,False,False,GPT-4.1
SOEA_0052,41829910,INCONCLUSIVE,INCONCLUSIVE,0.6,1,0.5,API_ERROR,LIKELY_CORRECT,True,COMMIT,,API_ERROR,INCONCLUSIVE,True,True,GPT-4.1
SOEA_0053,30104117,SUPPORTED,SUPPORTED,0.95,1,0.5,API_ERROR,LIKELY_CORRECT,True,COMMIT,,API_ERROR,SUPPORTED,True,True,GPT-4.1
SOEA_0054,41838370,INCONCLUSIVE,INCONCLUSIVE,0.75,1,0.5,API_ERROR,LIKELY_CORRECT,True,COMMIT,,API_ERROR,INCONCLUSIVE,True,True,GPT-4.1
SOEA_0055,41701175,INCONCLUSIVE,SUPPORTED,0.95,0,0.5,API_ERROR,LIKELY_CORRECT,False,COMMIT,,API_ERROR,SUPPORTED,False,False,GPT-4.1
SOEA_0056,41846395,INCONCLUSIVE,INCONCLUSIVE,0.65,1,0.5,API_ERROR,LIKELY_CORRECT,True,COMMIT,,API_ERROR,INCONCLUSIVE,True,True,GPT-4.1
SOEA_0057,41843412,INCONCLUSIVE,INCONCLUSIVE,0.6,1,0.5,API_ERROR,LIKELY_CORRECT,True,COMMIT,,API_ERROR,INCONCLUSIVE,True,True,GPT-4.1
SOEA_0058,41801202,SUPPORTED,SUPPORTED,0.95,1,0.5,API_ERROR,LIKELY_CORRECT,True,COMMIT,,API_ERROR,SUPPORTED,True,True,GPT-4.1
SOEA_0059,41826596,INCONCLUSIVE,INCONCLUSIVE,0.95,1,0.5,API_ERROR,LIKELY_CORRECT,True,COMMIT,,API_ERROR,INCONCLUSIVE,True,True,GPT-4.1
SOEA_0060,39748752,REFUTED,SUPPORTED,0.98,0,0.5,API_ERROR,LIKELY_CORRECT,False,COMMIT,,API_ERROR,SUPPORTED,False,False,GPT-4.1
SOEA_0061,41823195,INCONCLUSIVE,INCONCLUSIVE,0.6,1,0.5,API_ERROR,LIKELY_CORRECT,True,COMMIT,,API_ERROR,INCONCLUSIVE,True,True,GPT-4.1
SOEA_0062,41609475,INCONCLUSIVE,INCONCLUSIVE,0.85,1,0.5,API_ERROR,LIKELY_CORRECT,True,COMMIT,,API_ERROR,INCONCLUSIVE,True,True,GPT-4.1
SOEA_0063,41830908,INCONCLUSIVE,INCONCLUSIVE,0.4,1,0.5,API_ERROR,LIKELY_CORRECT,True,COMMIT,,API_ERROR,INCONCLUSIVE,True,True,GPT-4.1
SOEA_0064,41356540,REFUTED,SUPPORTED,0.95,0,0.5,API_ERROR,LIKELY_CORRECT,False,COMMIT,,API_ERROR,SUPPORTED,False,False,GPT-4.1
SOEA_0065,41828627,INCONCLUSIVE,INCONCLUSIVE,0.75,1,0.5,API_ERROR,LIKELY_CORRECT,True,COMMIT,,API_ERROR,INCONCLUSIVE,True,True,GPT-4.1
SOEA_0066,41843415,INCONCLUSIVE,INCONCLUSIVE,0.6,1,0.5,API_ERROR,LIKELY_CORRECT,True,COMMIT,,API_ERROR,INCONCLUSIVE,True,True,GPT-4.1
SOEA_0067,41843792,INCONCLUSIVE,INCONCLUSIVE,0.6,1,0.5,API_ERROR,LIKELY_CORRECT,True,COMMIT,,API_ERROR,INCONCLUSIVE,True,True,GPT-4.1
SOEA_0068,41821745,INCONCLUSIVE,INCONCLUSIVE,0.6,1,0.5,API_ERROR,LIKELY_CORRECT,True,COMMIT,,API_ERROR,INCONCLUSIVE,True,True,GPT-4.1
SOEA_0069,41822829,INCONCLUSIVE,INCONCLUSIVE,0.3,1,0.5,API_ERROR,LIKELY_CORRECT,True,COMMIT,,API_ERROR,INCONCLUSIVE,True,True,GPT-4.1
SOEA_0070,41815574,INCONCLUSIVE,INCONCLUSIVE,0.85,1,0.5,API_ERROR,LIKELY_CORRECT,True,COMMIT,,API_ERROR,INCONCLUSIVE,True,True,GPT-4.1
SOEA_0071,41770355,INCONCLUSIVE,INCONCLUSIVE,0.75,1,0.5,API_ERROR,LIKELY_CORRECT,True,COMMIT,,API_ERROR,INCONCLUSIVE,True,True,GPT-4.1
SOEA_0072,41836738,INCONCLUSIVE,INCONCLUSIVE,0.85,1,0.5,API_ERROR,LIKELY_CORRECT,True,COMMIT,,API_ERROR,INCONCLUSIVE,True,True,GPT-4.1
SOEA_0073,41827632,INCONCLUSIVE,INCONCLUSIVE,0.85,1,0.5,API_ERROR,LIKELY_CORRECT,True,COMMIT,,API_ERROR,INCONCLUSIVE,True,True,GPT-4.1
SOEA_0074,41815688,INCONCLUSIVE,INCONCLUSIVE,0.95,1,0.5,API_ERROR,LIKELY_CORRECT,True,COMMIT,,API_ERROR,INCONCLUSIVE,True,True,GPT-4.1
SOEA_0075,41775643,INCONCLUSIVE,INCONCLUSIVE,0.75,1,0.5,API_ERROR,LIKELY_CORRECT,True,COMMIT,,API_ERROR,INCONCLUSIVE,True,True,GPT-4.1
SOEA_0076,41539180,INCONCLUSIVE,INCONCLUSIVE,0.95,1,0.5,API_ERROR,LIKELY_CORRECT,True,COMMIT,,API_ERROR,INCONCLUSIVE,True,True,GPT-4.1
SOEA_0077,41569822,REFUTED,INCONCLUSIVE,0.95,0,0.5,API_ERROR,LIKELY_CORRECT,False,COMMIT,,API_ERROR,INCONCLUSIVE,False,False,GPT-4.1
SOEA_0078,41810644,INCONCLUSIVE,INCONCLUSIVE,0.85,1,0.5,API_ERROR,LIKELY_CORRECT,True,COMMIT,,API_ERROR,INCONCLUSIVE,True,True,GPT-4.1
SOEA_0079,41841512,INCONCLUSIVE,INCONCLUSIVE,0.65,1,0.5,API_ERROR,LIKELY_CORRECT,True,COMMIT,,API_ERROR,INCONCLUSIVE,True,True,GPT-4.1
SOEA_0080,41790646,INCONCLUSIVE,SUPPORTED,0.9,0,0.5,API_ERROR,LIKELY_CORRECT,False,COMMIT,,API_ERROR,SUPPORTED,False,False,GPT-4.1
SOEA_0081,41854203,INCONCLUSIVE,INCONCLUSIVE,0.85,1,0.5,API_ERROR,LIKELY_CORRECT,True,COMMIT,,API_ERROR,INCONCLUSIVE,True,True,GPT-4.1
SOEA_0082,41792063,INCONCLUSIVE,SUPPORTED,0.95,0,0.5,API_ERROR,LIKELY_CORRECT,False,COMMIT,,API_ERROR,SUPPORTED,False,False,GPT-4.1
SOEA_0083,41819359,INCONCLUSIVE,SUPPORTED,0.95,0,0.5,API_ERROR,LIKELY_CORRECT,False,COMMIT,,API_ERROR,SUPPORTED,False,False,GPT-4.1
SOEA_0084,41793659,INCONCLUSIVE,INCONCLUSIVE,0.85,1,0.5,API_ERROR,LIKELY_CORRECT,True,COMMIT,,API_ERROR,INCONCLUSIVE,True,True,GPT-4.1
SOEA_0085,34925157,INCONCLUSIVE,INCONCLUSIVE,0.75,1,0.5,API_ERROR,LIKELY_CORRECT,True,COMMIT,,API_ERROR,INCONCLUSIVE,True,True,GPT-4.1
SOEA_0086,41684899,INCONCLUSIVE,INCONCLUSIVE,0.65,1,0.5,API_ERROR,LIKELY_CORRECT,True,COMMIT,,API_ERROR,INCONCLUSIVE,True,True,GPT-4.1
SOEA_0087,41632142,SUPPORTED,SUPPORTED,0.95,1,0.5,API_ERROR,LIKELY_CORRECT,True,COMMIT,,API_ERROR,SUPPORTED,True,True,GPT-4.1
SOEA_0088,41822245,INCONCLUSIVE,INCONCLUSIVE,0.85,1,0.5,API_ERROR,LIKELY_CORRECT,True,COMMIT,,API_ERROR,INCONCLUSIVE,True,True,GPT-4.1
SOEA_0089,41817106,INCONCLUSIVE,INCONCLUSIVE,0.65,1,0.5,API_ERROR,LIKELY_CORRECT,True,COMMIT,,API_ERROR,INCONCLUSIVE,True,True,GPT-4.1
SOEA_0090,41843765,INCONCLUSIVE,INCONCLUSIVE,0.6,1,0.5,API_ERROR,LIKELY_CORRECT,True,COMMIT,,API_ERROR,INCONCLUSIVE,True,True,GPT-4.1
SOEA_0091,41782416,INCONCLUSIVE,SUPPORTED,0.95,0,0.5,API_ERROR,LIKELY_CORRECT,False,COMMIT,,API_ERROR,SUPPORTED,False,False,GPT-4.1
SOEA_0092,41432509,INCONCLUSIVE,INCONCLUSIVE,0.85,1,0.5,API_ERROR,LIKELY_CORRECT,True,COMMIT,,API_ERROR,INCONCLUSIVE,True,True,GPT-4.1
SOEA_0093,41848105,INCONCLUSIVE,INCONCLUSIVE,0.85,1,0.5,API_ERROR,LIKELY_CORRECT,True,COMMIT,,API_ERROR,INCONCLUSIVE,True,True,GPT-4.1
SOEA_0094,41017056,INCONCLUSIVE,REFUTED,0.9,0,0.5,API_ERROR,LIKELY_CORRECT,False,COMMIT,,API_ERROR,REFUTED,False,False,GPT-4.1
SOEA_0095,41770732,INCONCLUSIVE,INCONCLUSIVE,0.3,1,0.5,API_ERROR,LIKELY_CORRECT,True,COMMIT,,API_ERROR,INCONCLUSIVE,True,True,GPT-4.1
SOEA_0096,41770127,INCONCLUSIVE,INCONCLUSIVE,0.65,1,0.5,API_ERROR,LIKELY_CORRECT,True,COMMIT,,API_ERROR,INCONCLUSIVE,True,True,GPT-4.1
SOEA_0097,41834878,INCONCLUSIVE,INCONCLUSIVE,0.75,1,0.5,API_ERROR,LIKELY_CORRECT,True,COMMIT,,API_ERROR,INCONCLUSIVE,True,True,GPT-4.1
SOEA_0098,41390988,INCONCLUSIVE,INCONCLUSIVE,0.65,1,0.5,API_ERROR,LIKELY_CORRECT,True,COMMIT,,API_ERROR,INCONCLUSIVE,True,True,GPT-4.1
SOEA_0099,41811802,INCONCLUSIVE,INCONCLUSIVE,0.85,1,0.5,API_ERROR,LIKELY_CORRECT,True,COMMIT,,API_ERROR,INCONCLUSIVE,True,True,GPT-4.1
SOEA_0100,41824839,INCONCLUSIVE,INCONCLUSIVE,0.4,1,0.5,API_ERROR,LIKELY_CORRECT,True,COMMIT,,API_ERROR,INCONCLUSIVE,True,True,GPT-4.1
SOEA_0101,41847749,INCONCLUSIVE,SUPPORTED,0.95,0,0.5,API_ERROR,LIKELY_CORRECT,False,COMMIT,,API_ERROR,SUPPORTED,False,False,GPT-4.1
SOEA_0102,39554311,INCONCLUSIVE,INCONCLUSIVE,0.65,1,0.5,API_ERROR,LIKELY_CORRECT,True,COMMIT,,API_ERROR,INCONCLUSIVE,True,True,GPT-4.1
SOEA_0103,41816313,INCONCLUSIVE,INCONCLUSIVE,0.75,1,0.5,API_ERROR,LIKELY_CORRECT,True,COMMIT,,API_ERROR,INCONCLUSIVE,True,True,GPT-4.1
SOEA_0104,41804125,INCONCLUSIVE,INCONCLUSIVE,0.75,1,0.5,API_ERROR,LIKELY_CORRECT,True,COMMIT,,API_ERROR,INCONCLUSIVE,True,True,GPT-4.1
SOEA_0105,41821493,INCONCLUSIVE,INCONCLUSIVE,0.65,1,0.5,API_ERROR,LIKELY_CORRECT,True,COMMIT,,API_ERROR,INCONCLUSIVE,True,True,GPT-4.1
SOEA_0106,41799881,INCONCLUSIVE,INCONCLUSIVE,0.95,1,0.5,API_ERROR,LIKELY_CORRECT,True,COMMIT,,API_ERROR,INCONCLUSIVE,True,True,GPT-4.1
SOEA_0107,33212328,INCONCLUSIVE,INCONCLUSIVE,0.6,1,0.5,API_ERROR,LIKELY_CORRECT,True,COMMIT,,API_ERROR,INCONCLUSIVE,True,True,GPT-4.1
SOEA_0108,41845557,INCONCLUSIVE,INCONCLUSIVE,0.6,1,0.5,API_ERROR,LIKELY_CORRECT,True,COMMIT,,API_ERROR,INCONCLUSIVE,True,True,GPT-4.1
SOEA_0109,41773232,INCONCLUSIVE,INCONCLUSIVE,0.4,1,0.5,API_ERROR,LIKELY_CORRECT,True,COMMIT,,API_ERROR,INCONCLUSIVE,True,True,GPT-4.1
SOEA_0110,41802331,INCONCLUSIVE,INCONCLUSIVE,0.65,1,0.5,API_ERROR,LIKELY_CORRECT,True,COMMIT,,API_ERROR,INCONCLUSIVE,True,True,GPT-4.1
SOEA_0111,41791012,INCONCLUSIVE,INCONCLUSIVE,0.55,1,0.5,API_ERROR,LIKELY_CORRECT,True,COMMIT,,API_ERROR,INCONCLUSIVE,True,True,GPT-4.1
SOEA_0112,33861375,INCONCLUSIVE,INCONCLUSIVE,0.75,1,0.5,API_ERROR,LIKELY_CORRECT,True,COMMIT,,API_ERROR,INCONCLUSIVE,True,True,GPT-4.1
SOEA_0113,41791299,INCONCLUSIVE,INCONCLUSIVE,0.75,1,0.5,API_ERROR,LIKELY_CORRECT,True,COMMIT,,API_ERROR,INCONCLUSIVE,True,True,GPT-4.1
SOEA_0114,28802594,REFUTED,SUPPORTED,0.95,0,0.5,API_ERROR,LIKELY_CORRECT,False,COMMIT,,API_ERROR,SUPPORTED,False,False,GPT-4.1
SOEA_0115,41820026,INCONCLUSIVE,SUPPORTED,0.95,0,0.5,API_ERROR,LIKELY_CORRECT,False,COMMIT,,API_ERROR,SUPPORTED,False,False,GPT-4.1
SOEA_0116,41827097,INCONCLUSIVE,INCONCLUSIVE,0.65,1,0.5,API_ERROR,LIKELY_CORRECT,True,COMMIT,,API_ERROR,INCONCLUSIVE,True,True,GPT-4.1
SOEA_0117,41790706,SUPPORTED,INCONCLUSIVE,0.6,0,0.5,API_ERROR,LIKELY_CORRECT,False,COMMIT,,API_ERROR,INCONCLUSIVE,False,False,GPT-4.1
SOEA_0118,41822431,INCONCLUSIVE,INCONCLUSIVE,0.85,1,0.5,API_ERROR,LIKELY_CORRECT,True,COMMIT,,API_ERROR,INCONCLUSIVE,True,True,GPT-4.1
SOEA_0119,41839585,INCONCLUSIVE,INCONCLUSIVE,0.4,1,0.5,API_ERROR,LIKELY_CORRECT,True,COMMIT,,API_ERROR,INCONCLUSIVE,True,True,GPT-4.1
SOEA_0120,41773323,INCONCLUSIVE,INCONCLUSIVE,0.6,1,0.5,API_ERROR,LIKELY_CORRECT,True,COMMIT,,API_ERROR,INCONCLUSIVE,True,True,GPT-4.1
SOEA_0121,41784233,INCONCLUSIVE,INCONCLUSIVE,0.6,1,0.5,API_ERROR,LIKELY_CORRECT,True,COMMIT,,API_ERROR,INCONCLUSIVE,True,True,GPT-4.1
SOEA_0122,41813439,INCONCLUSIVE,INCONCLUSIVE,0.95,1,0.5,API_ERROR,LIKELY_CORRECT,True,COMMIT,,API_ERROR,INCONCLUSIVE,True,True,GPT-4.1
SOEA_0123,41842779,INCONCLUSIVE,INCONCLUSIVE,0.65,1,0.5,API_ERROR,LIKELY_CORRECT,True,COMMIT,,API_ERROR,INCONCLUSIVE,True,True,GPT-4.1
SOEA_0124,41500053,REFUTED,INCONCLUSIVE,0.75,0,0.5,API_ERROR,LIKELY_CORRECT,False,COMMIT,,API_ERROR,INCONCLUSIVE,False,False,GPT-4.1
SOEA_0125,41828133,INCONCLUSIVE,INCONCLUSIVE,0.65,1,0.5,API_ERROR,LIKELY_CORRECT,True,COMMIT,,API_ERROR,INCONCLUSIVE,True,True,GPT-4.1
SOEA_0126,41824889,INCONCLUSIVE,INCONCLUSIVE,0.3,1,0.5,API_ERROR,LIKELY_CORRECT,True,COMMIT,,API_ERROR,INCONCLUSIVE,True,True,GPT-4.1
SOEA_0127,36138363,INCONCLUSIVE,INCONCLUSIVE,0.65,1,0.5,API_ERROR,LIKELY_CORRECT,True,COMMIT,,API_ERROR,INCONCLUSIVE,True,True,GPT-4.1
SOEA_0128,41849672,REFUTED,INCONCLUSIVE,0.85,0,0.5,API_ERROR,LIKELY_CORRECT,False,COMMIT,,API_ERROR,INCONCLUSIVE,False,False,GPT-4.1
SOEA_0129,41854457,INCONCLUSIVE,INCONCLUSIVE,0.85,1,0.5,API_ERROR,LIKELY_CORRECT,True,COMMIT,,API_ERROR,INCONCLUSIVE,True,True,GPT-4.1
SOEA_0130,41840261,INCONCLUSIVE,INCONCLUSIVE,0.65,1,0.5,API_ERROR,LIKELY_CORRECT,True,COMMIT,,API_ERROR,INCONCLUSIVE,True,True,GPT-4.1
SOEA_0131,41544643,INCONCLUSIVE,INCONCLUSIVE,0.95,1,0.5,API_ERROR,LIKELY_CORRECT,True,COMMIT,,API_ERROR,INCONCLUSIVE,True,True,GPT-4.1
SOEA_0132,41855184,INCONCLUSIVE,INCONCLUSIVE,0.85,1,0.5,API_ERROR,LIKELY_CORRECT,True,COMMIT,,API_ERROR,INCONCLUSIVE,True,True,GPT-4.1
SOEA_0133,41779498,REFUTED,INCONCLUSIVE,0.85,0,0.5,API_ERROR,LIKELY_CORRECT,False,COMMIT,,API_ERROR,INCONCLUSIVE,False,False,GPT-4.1
SOEA_0134,41854124,REFUTED,INCONCLUSIVE,0.65,0,0.5,API_ERROR,LIKELY_CORRECT,False,COMMIT,,API_ERROR,INCONCLUSIVE,False,False,GPT-4.1
SOEA_0135,41837886,INCONCLUSIVE,INCONCLUSIVE,0.45,1,0.5,API_ERROR,LIKELY_CORRECT,True,COMMIT,,API_ERROR,INCONCLUSIVE,True,True,GPT-4.1
SOEA_0136,41804569,INCONCLUSIVE,INCONCLUSIVE,0.85,1,0.5,API_ERROR,LIKELY_CORRECT,True,COMMIT,,API_ERROR,INCONCLUSIVE,True,True,GPT-4.1
SOEA_0137,41540424,INCONCLUSIVE,INCONCLUSIVE,0.65,1,0.5,API_ERROR,LIKELY_CORRECT,True,COMMIT,,API_ERROR,INCONCLUSIVE,True,True,GPT-4.1
SOEA_0138,41829366,INCONCLUSIVE,INCONCLUSIVE,0.65,1,0.5,API_ERROR,LIKELY_CORRECT,True,COMMIT,,API_ERROR,INCONCLUSIVE,True,True,GPT-4.1
SOEA_0139,41810578,INCONCLUSIVE,INCONCLUSIVE,0.65,1,0.5,API_ERROR,LIKELY_CORRECT,True,COMMIT,,API_ERROR,INCONCLUSIVE,True,True,GPT-4.1
SOEA_0140,41838705,INCONCLUSIVE,INCONCLUSIVE,0.65,1,0.5,API_ERROR,LIKELY_CORRECT,True,COMMIT,,API_ERROR,INCONCLUSIVE,True,True,GPT-4.1
SOEA_0141,38545924,INCONCLUSIVE,SUPPORTED,0.95,0,0.5,API_ERROR,LIKELY_CORRECT,False,COMMIT,,API_ERROR,SUPPORTED,False,False,GPT-4.1
SOEA_0142,41783705,INCONCLUSIVE,INCONCLUSIVE,0.85,1,0.5,API_ERROR,LIKELY_CORRECT,True,COMMIT,,API_ERROR,INCONCLUSIVE,True,True,GPT-4.1
SOEA_0143,41818090,INCONCLUSIVE,INCONCLUSIVE,0.3,1,0.5,API_ERROR,LIKELY_CORRECT,True,COMMIT,,API_ERROR,INCONCLUSIVE,True,True,GPT-4.1
SOEA_0144,34899612,INCONCLUSIVE,INCONCLUSIVE,0.85,1,0.5,API_ERROR,LIKELY_CORRECT,True,COMMIT,,API_ERROR,INCONCLUSIVE,True,True,GPT-4.1
SOEA_0145,41771691,INCONCLUSIVE,INCONCLUSIVE,0.85,1,0.5,API_ERROR,LIKELY_CORRECT,True,COMMIT,,API_ERROR,INCONCLUSIVE,True,True,GPT-4.1
SOEA_0146,41773775,INCONCLUSIVE,INCONCLUSIVE,0.6,1,0.5,API_ERROR,LIKELY_CORRECT,True,COMMIT,,API_ERROR,INCONCLUSIVE,True,True,GPT-4.1
SOEA_0147,41843752,INCONCLUSIVE,INCONCLUSIVE,0.4,1,0.5,API_ERROR,LIKELY_CORRECT,True,COMMIT,,API_ERROR,INCONCLUSIVE,True,True,GPT-4.1
SOEA_0148,37898482,REFUTED,REFUTED,0.95,1,0.5,API_ERROR,LIKELY_CORRECT,True,COMMIT,,API_ERROR,REFUTED,True,True,GPT-4.1
SOEA_0149,41818065,INCONCLUSIVE,INCONCLUSIVE,0.4,1,0.5,API_ERROR,LIKELY_CORRECT,True,COMMIT,,API_ERROR,INCONCLUSIVE,True,True,GPT-4.1
SOEA_0150,41849515,INCONCLUSIVE,INCONCLUSIVE,0.65,1,0.5,API_ERROR,LIKELY_CORRECT,True,COMMIT,,API_ERROR,INCONCLUSIVE,True,True,GPT-4.1
SOEA_0151,41846846,SUPPORTED,SUPPORTED,0.95,1,0.5,API_ERROR,LIKELY_CORRECT,True,COMMIT,,API_ERROR,SUPPORTED,True,True,GPT-4.1
SOEA_0152,41730080,INCONCLUSIVE,INCONCLUSIVE,0.4,1,0.5,API_ERROR,LIKELY_CORRECT,True,COMMIT,,API_ERROR,INCONCLUSIVE,True,True,GPT-4.1
SOEA_0153,41748588,REFUTED,REFUTED,0.95,1,0.5,API_ERROR,LIKELY_CORRECT,True,COMMIT,,API_ERROR,REFUTED,True,True,GPT-4.1
SOEA_0154,41853663,INCONCLUSIVE,INCONCLUSIVE,0.65,1,0.5,API_ERROR,LIKELY_CORRECT,True,COMMIT,,API_ERROR,INCONCLUSIVE,True,True,GPT-4.1
SOEA_0155,40253374,INCONCLUSIVE,SUPPORTED,0.95,0,0.5,API_ERROR,LIKELY_CORRECT,False,COMMIT,,API_ERROR,SUPPORTED,False,False,GPT-4.1
SOEA_0156,41604639,INCONCLUSIVE,INCONCLUSIVE,0.65,1,0.5,API_ERROR,LIKELY_CORRECT,True,COMMIT,,API_ERROR,INCONCLUSIVE,True,True,GPT-4.1
SOEA_0157,41842893,INCONCLUSIVE,INCONCLUSIVE,0.75,1,0.5,API_ERROR,LIKELY_CORRECT,True,COMMIT,,API_ERROR,INCONCLUSIVE,True,True,GPT-4.1
SOEA_0158,41808418,INCONCLUSIVE,INCONCLUSIVE,0.85,1,0.5,API_ERROR,LIKELY_CORRECT,True,COMMIT,,API_ERROR,INCONCLUSIVE,True,True,GPT-4.1
SOEA_0159,41733409,INCONCLUSIVE,INCONCLUSIVE,0.65,1,0.5,API_ERROR,LIKELY_CORRECT,True,COMMIT,,API_ERROR,INCONCLUSIVE,True,True,GPT-4.1
SOEA_0160,41855493,INCONCLUSIVE,INCONCLUSIVE,0.85,1,0.5,API_ERROR,LIKELY_CORRECT,True,COMMIT,,API_ERROR,INCONCLUSIVE,True,True,GPT-4.1
SOEA_0161,41783697,INCONCLUSIVE,INCONCLUSIVE,0.75,1,0.5,API_ERROR,LIKELY_CORRECT,True,COMMIT,,API_ERROR,INCONCLUSIVE,True,True,GPT-4.1
SOEA_0162,41829935,INCONCLUSIVE,SUPPORTED,0.98,0,0.5,API_ERROR,LIKELY_CORRECT,False,COMMIT,,API_ERROR,SUPPORTED,False,False,GPT-4.1
SOEA_0163,41570399,INCONCLUSIVE,INCONCLUSIVE,0.85,1,0.5,API_ERROR,LIKELY_CORRECT,True,COMMIT,,API_ERROR,INCONCLUSIVE,True,True,GPT-4.1
SOEA_0164,41854792,INCONCLUSIVE,INCONCLUSIVE,0.6,1,0.5,API_ERROR,LIKELY_CORRECT,True,COMMIT,,API_ERROR,INCONCLUSIVE,True,True,GPT-4.1
SOEA_0165,41554267,INCONCLUSIVE,INCONCLUSIVE,0.75,1,0.5,API_ERROR,LIKELY_CORRECT,True,COMMIT,,API_ERROR,INCONCLUSIVE,True,True,GPT-4.1
SOEA_0166,41381889,SUPPORTED,SUPPORTED,0.95,1,0.5,API_ERROR,LIKELY_CORRECT,True,COMMIT,,API_ERROR,SUPPORTED,True,True,GPT-4.1
SOEA_0167,41843855,INCONCLUSIVE,INCONCLUSIVE,0.95,1,0.5,API_ERROR,LIKELY_CORRECT,True,COMMIT,,API_ERROR,INCONCLUSIVE,True,True,GPT-4.1
SOEA_0168,41822479,INCONCLUSIVE,INCONCLUSIVE,0.4,1,0.5,API_ERROR,LIKELY_CORRECT,True,COMMIT,,API_ERROR,INCONCLUSIVE,True,True,GPT-4.1
SOEA_0169,41555152,INCONCLUSIVE,REFUTED,0.95,0,0.5,API_ERROR,LIKELY_CORRECT,False,COMMIT,,API_ERROR,REFUTED,False,False,GPT-4.1
SOEA_0170,41481311,INCONCLUSIVE,INCONCLUSIVE,0.6,1,0.5,API_ERROR,LIKELY_CORRECT,True,COMMIT,,API_ERROR,INCONCLUSIVE,True,True,GPT-4.1
SOEA_0171,41845462,INCONCLUSIVE,INCONCLUSIVE,0.95,1,0.5,API_ERROR,LIKELY_CORRECT,True,COMMIT,,API_ERROR,INCONCLUSIVE,True,True,GPT-4.1
SOEA_0172,25715991,SUPPORTED,SUPPORTED,0.95,1,0.5,API_ERROR,LIKELY_CORRECT,True,COMMIT,,API_ERROR,SUPPORTED,True,True,GPT-4.1
SOEA_0173,41833430,INCONCLUSIVE,INCONCLUSIVE,0.65,1,0.5,API_ERROR,LIKELY_CORRECT,True,COMMIT,,API_ERROR,INCONCLUSIVE,True,True,GPT-4.1
SOEA_0174,35506960,INCONCLUSIVE,INCONCLUSIVE,0.55,1,0.5,API_ERROR,LIKELY_CORRECT,True,COMMIT,,API_ERROR,INCONCLUSIVE,True,True,GPT-4.1
SOEA_0175,41798387,INCONCLUSIVE,INCONCLUSIVE,0.75,1,0.5,API_ERROR,LIKELY_CORRECT,True,COMMIT,,API_ERROR,INCONCLUSIVE,True,True,GPT-4.1
SOEA_0176,41828032,INCONCLUSIVE,INCONCLUSIVE,0.65,1,0.2,The evidence lacks explicit ROC AUC and p-value data directly linking GSN levels to ICUAW prediction.,LIKELY_CORRECT,True,COMMIT,,"The evidence does not provide sufficient statistical metrics to support the claim's predictive capacity, justifying the INCONCLUSIVE label.",INCONCLUSIVE,True,True,GPT-4.1
SOEA_0177,41767388,INCONCLUSIVE,INCONCLUSIVE,0.65,1,0.25,The evidence lacks specific efficacy results or statistical data despite describing a comprehensive meta-analysis.,LIKELY_CORRECT,True,SEEK_EVIDENCE,,Additional data on the meta-analysis outcomes are needed to confirm or refute the claim of significant efficacy.,INCONCLUSIVE,True,False,GPT-4.1
SOEA_0178,33558347,INCONCLUSIVE,INCONCLUSIVE,0.85,1,0.15,The evidence only describes trial design and rationale without reporting actual trial outcomes or conclusions about non-inferiority.,LIKELY_CORRECT,True,COMMIT,,"The evidence does not provide direct results to confirm or refute the claim, so maintaining an INCONCLUSIVE label is appropriate.",INCONCLUSIVE,True,True,GPT-4.1
SOEA_0179,41353860,INCONCLUSIVE,INCONCLUSIVE,0.85,1,0.15,The evidence focuses narrowly on non-inferiority margins in a meta-analysis without addressing the broader necessity of NI trials for evaluating collateral benefits.,LIKELY_CORRECT,True,COMMIT,,"The original reasoning correctly identifies that the evidence does not sufficiently support or refute the claim about the essential role of NI trials, making the INCONCLUSIVE label appropriate.",INCONCLUSIVE,True,True,GPT-4.1
SOEA_0180,41801014,REFUTED,INCONCLUSIVE,0.65,0,0.3,"The evidence describes the study design and prevalence of spring fatigue but lacks explicit results on temporal variation, leaving the claim unsupported.",LIKELY_CORRECT,False,SEEK_EVIDENCE,INCONCLUSIVE,Additional data on the actual findings regarding seasonal or monthly variations are needed to confirm or refute the claim.,INCONCLUSIVE,False,True,GPT-4.1
SOEA_0181,41844525,INCONCLUSIVE,INCONCLUSIVE,0.95,1,0.05,The evidence only provides sample size without any comparative results or safety data.,LIKELY_CORRECT,True,COMMIT,,"The evidence lacks any information on efficacy or safety outcomes, so the INCONCLUSIVE label remains appropriate.",INCONCLUSIVE,True,True,GPT-4.1
SOEA_0182,28231815,INCONCLUSIVE,INCONCLUSIVE,0.95,1,0.05,The evidence only outlines the study design and does not provide outcome data on feasibility or effectiveness.,LIKELY_CORRECT,True,COMMIT,,"Without results or data, the evidence cannot confirm or deny the claim, so the INCONCLUSIVE label remains appropriate.",INCONCLUSIVE,True,True,GPT-4.1
SOEA_0183,41852479,INCONCLUSIVE,INCONCLUSIVE,0.65,1,0.3,The evidence lacks direct statistical results linking metformin to the observed improvements and does not clarify the role of probiotic supplementation.,LIKELY_CORRECT,True,SEEK_EVIDENCE,,Additional data on outcome measures and group comparisons are needed to confirm the claim about metformin's effects versus probiotic supplementation.,INCONCLUSIVE,True,False,GPT-4.1
SOEA_0184,41855410,INCONCLUSIVE,INCONCLUSIVE,0.65,1,0.3,The evidence mentions positive attitudes and intentions but lacks direct measurement or mention of TENS-Interface scores or specific autonomy and competence outcomes.,LIKELY_CORRECT,True,COMMIT,,"The current evidence does not provide direct data on the claim's specific metrics, so maintaining an INCONCLUSIVE label is appropriate.",INCONCLUSIVE,True,True,GPT-4.1
SOEA_0185,41844538,INCONCLUSIVE,INCONCLUSIVE,0.65,1,0.3,"The evidence lacks subgroup analyses by reading ability and SES, which are critical to fully support the claim.",LIKELY_CORRECT,True,SEEK_EVIDENCE,,Additional data on differential effects by reading ability and SES are needed to conclusively evaluate the claim.,INCONCLUSIVE,True,False,GPT-4.1
SOEA_0186,41802899,INCONCLUSIVE,INCONCLUSIVE,0.5,1,0.2,The evidence provides detailed descriptive statistics but lacks explicit correlation coefficients and p-values to directly support the claim.,LIKELY_CORRECT,True,SEEK_EVIDENCE,,Additional data reporting the correlation analyses are needed to conclusively verify the claim.,INCONCLUSIVE,True,False,GPT-4.1
SOEA_0187,41797600,INCONCLUSIVE,INCONCLUSIVE,0.4,1,0.25,The evidence lacks explicit post-extubation MAP results or p-values comparing TrachoSpray and lidocaine groups.,LIKELY_CORRECT,True,SEEK_EVIDENCE,,Additional data on MAP outcomes and statistical comparisons are needed to confirm or refute the claim.,INCONCLUSIVE,True,False,GPT-4.1
SOEA_0188,41628547,INCONCLUSIVE,SUPPORTED,0.85,0,0.15,"The evidence does not explicitly mention deep learning (DL) models or visualizations enhancing clinical interpretability, only radiomics models and AUC values.",LIKELY_CORRECT,False,SEEK_EVIDENCE,,Additional evidence explicitly describing DL models and visualization methods is needed to fully support the claim as stated.,SUPPORTED,False,True,GPT-4.1
SOEA_0189,41852147,INCONCLUSIVE,INCONCLUSIVE,0.4,1,0.15,The evidence lacks direct statistical results on the ANAM-4 and SWAY measures despite describing the study design and participant data.,LIKELY_CORRECT,True,SEEK_EVIDENCE,,Additional data on the specific outcome measures and statistical analyses are needed to confirm or refute the claim.,INCONCLUSIVE,True,False,GPT-4.1
SOEA_0190,41831698,INCONCLUSIVE,INCONCLUSIVE,0.65,1,0.25,"The evidence lacks direct comparison data and specific statistics for pain scores between Foley 8 Fr and Nelaton 12 Fr, making the claim's extreme OR value unsupported.",LIKELY_CORRECT,True,COMMIT,,"Given the absence of direct comparative data and the implausibly high OR in the claim, maintaining an INCONCLUSIVE label is appropriate.",INCONCLUSIVE,True,True,GPT-4.1
SOEA_0191,41398488,INCONCLUSIVE,INCONCLUSIVE,0.75,1,0.3,"The evidence lacks direct reporting of the current study's results on discrimination and response bias, making it unclear if the claim is fully supported.",LIKELY_CORRECT,True,SEEK_EVIDENCE,,Additional data on the current study's outcomes for discrimination and response bias are needed to conclusively evaluate the claim.,INCONCLUSIVE,True,False,GPT-4.1
SOEA_0192,41784241,INCONCLUSIVE,INCONCLUSIVE,0.85,1,0.15,"The evidence only confirms independent association for two parameters, while the claim lists five parameters with significant p-values without clarifying independence.",LIKELY_CORRECT,True,COMMIT,,The original decision appropriately reflects the partial support and limitations in the evidence regarding the claim's full list of parameters.,INCONCLUSIVE,True,True,GPT-4.1
SOEA_0193,41766545,INCONCLUSIVE,INCONCLUSIVE,0.6,1,0.25,"The evidence lacks specific outcome data on electrophysiological measures, making it unclear if the claim about surgical superiority is supported.",LIKELY_CORRECT,True,SEEK_EVIDENCE,,Additional detailed results are needed to confirm or refute the claim regarding electrophysiological outcomes beyond compound muscle action potential amplitude.,INCONCLUSIVE,True,False,GPT-4.1
SOEA_0194,41776822,INCONCLUSIVE,INCONCLUSIVE,0.65,1,0.25,The evidence only outlines the meta-analysis methodology and dataset without presenting the quantitative results needed to confirm the claim.,LIKELY_CORRECT,True,COMMIT,,The original decision appropriately reflects the lack of direct statistical results in the evidence to support or refute the claim.,INCONCLUSIVE,True,True,GPT-4.1
SOEA_0195,41800298,INCONCLUSIVE,INCONCLUSIVE,0.65,1,0.25,The evidence lacks explicit statistical results such as the correlation coefficient and p-value mentioned in the claim.,LIKELY_CORRECT,True,SEEK_EVIDENCE,,Additional data reporting the correlation statistics are needed to confirm or refute the claim conclusively.,INCONCLUSIVE,True,False,GPT-4.1
SOEA_0196,41834041,INCONCLUSIVE,INCONCLUSIVE,0.75,1,0.2,The evidence lacks explicit information about the setting being a displaced population in an active conflict zone.,LIKELY_CORRECT,True,COMMIT,,"The evidence supports community health worker interventions improving medication use but does not clarify the specific population context, justifying the INCONCLUSIVE label.",INCONCLUSIVE,True,True,GPT-4.1
SOEA_0197,41839514,SUPPORTED,INCONCLUSIVE,0.65,0,0.25,The evidence details the trial design and population but lacks explicit survival outcome data or hazard ratios to confirm the claim.,LIKELY_CORRECT,False,SEEK_EVIDENCE,,Additional data on survival outcomes and statistical results are needed to conclusively support or refute the claim.,INCONCLUSIVE,False,True,GPT-4.1
SOEA_0198,41854177,INCONCLUSIVE,INCONCLUSIVE,0.95,1,0.05,The evidence only reports adverse events without any pharmacokinetic data related to steady-state exposure or accumulation.,LIKELY_CORRECT,True,COMMIT,,"The evidence does not address the pharmacokinetic claim, so the original INCONCLUSIVE label remains appropriate.",INCONCLUSIVE,True,True,GPT-4.1
SOEA_0199,41798127,INCONCLUSIVE,INCONCLUSIVE,0.75,1,0.15,"The evidence lacks actual outcome data on feasibility, satisfaction, or efficacy, providing only study setup and participant details.",LIKELY_CORRECT,True,COMMIT,,"The evidence does not present results or findings to support or refute the claim, making the INCONCLUSIVE label appropriate.",INCONCLUSIVE,True,True,GPT-4.1
SOEA_0200,41535610,INCONCLUSIVE,INCONCLUSIVE,0.65,1,0.2,"The evidence lacks direct efficacy outcomes such as response rates or survival data, which are critical to support the claim.",LIKELY_CORRECT,True,COMMIT,,"The evidence does not provide sufficient data on ponatinib's effectiveness, so maintaining an INCONCLUSIVE label is appropriate.",INCONCLUSIVE,True,True,GPT-4.1
SOEA_0201,41557074,INCONCLUSIVE,INCONCLUSIVE,0.85,1,0.1,"The evidence lacks any reported outcomes or safety data, only describing study design and patient numbers.",LIKELY_CORRECT,True,COMMIT,,"Without efficacy or safety results, the claim cannot be supported or refuted, making the INCONCLUSIVE label appropriate.",INCONCLUSIVE,True,True,GPT-4.1
SOEA_0202,41854352,INCONCLUSIVE,INCONCLUSIVE,0.85,1,0.15,The evidence mentions investigation of immune cells including CD4+ and CD8+ T cells but does not provide explicit results or data on their proportions or correlations.,LIKELY_CORRECT,True,COMMIT,,"The evidence lacks direct results on CD4+ and CD8+ T cell alterations, supporting the original INCONCLUSIVE label as appropriate.",INCONCLUSIVE,True,True,GPT-4.1
SOEA_0203,41852853,INCONCLUSIVE,INCONCLUSIVE,0.75,1,0.2,"The evidence lacks reported outcome data on nasal symptoms and quality of life, which is critical to confirm the claim.",LIKELY_CORRECT,True,COMMIT,,"The evidence only describes the study design and objectives without results, so the INCONCLUSIVE label remains appropriate.",INCONCLUSIVE,True,True,GPT-4.1
SOEA_0204,41831208,INCONCLUSIVE,INCONCLUSIVE,0.65,1,0.2,The evidence lacks explicit results or statistical data confirming significant differences over time between groups.,LIKELY_CORRECT,True,SEEK_EVIDENCE,,Additional data on outcome measures and statistical significance are needed to confirm or refute the claim.,INCONCLUSIVE,True,False,GPT-4.1
SOEA_0205,41855412,INCONCLUSIVE,INCONCLUSIVE,0.65,1,0.2,"The evidence provides participant numbers and study design but lacks direct statistical results on confidence changes, which weakens support for the claim.",LIKELY_CORRECT,True,COMMIT,,"Given the absence of explicit results in the evidence, the INCONCLUSIVE label remains appropriate and reliable.",INCONCLUSIVE,True,True,GPT-4.1
SOEA_0206,41790708,SUPPORTED,SUPPORTED,0.98,1,0.02,"The evidence provides a pooled prevalence estimate with a wide confidence interval, which could affect interpretation of 'low' utilization.",LIKELY_CORRECT,True,COMMIT,,"The evidence quantitatively supports the claim that PC utilization remains low, and the confidence interval still indicates a generally low prevalence.",SUPPORTED,True,True,GPT-4.1
SOEA_0207,41824062,INCONCLUSIVE,INCONCLUSIVE,0.75,1,0.2,The evidence quantifies prevalence and regional variation but does not explicitly link anatomical variations to surgical impact.,LIKELY_CORRECT,True,COMMIT,,"The evidence partially addresses anatomical variation prevalence but lacks direct evidence on its influence on surgical practice, supporting the INCONCLUSIVE label.",INCONCLUSIVE,True,True,GPT-4.1
SOEA_0208,41796176,INCONCLUSIVE,INCONCLUSIVE,0.4,1,0.25,The evidence lacks specific statistical results or direct comparison data to confirm the claim despite describing the study design and outcome measures.,LIKELY_CORRECT,True,SEEK_EVIDENCE,,Additional detailed results or statistical data are needed to confidently support or refute the claim about the SRI group's superior restoration outcomes.,INCONCLUSIVE,True,False,GPT-4.1
SOEA_0209,41848184,INCONCLUSIVE,SUPPORTED,0.85,0,0.15,"The confidence intervals for some associations are close to including no effect, indicating borderline statistical significance.",LIKELY_CORRECT,False,COMMIT,,"The evidence demonstrates statistically significant associations supporting the claim, despite limited clinical relevance, justifying the original supported label.",SUPPORTED,False,False,GPT-4.1
SOEA_0210,41457564,INCONCLUSIVE,INCONCLUSIVE,0.65,1,0.25,The evidence confirms patient numbers and study objectives but lacks specific dosing details and toxicity outcomes.,LIKELY_CORRECT,True,SEEK_EVIDENCE,,Additional data specifying the starting dose and dose-limiting toxicity are needed to conclusively support or refute the claim.,INCONCLUSIVE,True,False,GPT-4.1
SOEA_0211,34688473,INCONCLUSIVE,SUPPORTED,0.95,0,0.1,"The evidence shows the study was randomized and non-inferiority in design but failed to confirm non-inferiority, which may affect interpretation of efficacy.",LIKELY_CORRECT,False,COMMIT,,"The evidence directly supports the claim about the study design and comparison, despite the non-inferiority not being confirmed, so the original label remains appropriate.",SUPPORTED,False,False,GPT-4.1
SOEA_0212,41850745,INCONCLUSIVE,INCONCLUSIVE,0.85,1,0.1,The evidence provides study design and rationale but lacks direct outcome data or statistical results on RP rates.,LIKELY_CORRECT,True,COMMIT,,"The evidence does not contain the necessary results to support or refute the claim, so the INCONCLUSIVE label remains appropriate.",INCONCLUSIVE,True,True,GPT-4.1
SOEA_0213,41835708,INCONCLUSIVE,INCONCLUSIVE,0.95,1,0.1,"The evidence lacks any mention of logistic regression results, odds ratios, or p-values, making it unclear if the claim is supported.",LIKELY_CORRECT,True,COMMIT,,"The evidence does not provide the statistical results needed to confirm or refute the claim, so the INCONCLUSIVE label remains appropriate.",INCONCLUSIVE,True,True,GPT-4.1
SOEA_0214,41761817,INCONCLUSIVE,INCONCLUSIVE,0.85,1,0.15,The evidence lacks any reported results or statistical data confirming the correlation claimed.,LIKELY_CORRECT,True,COMMIT,,"The evidence only outlines the study design and objectives without providing outcome data, supporting the original INCONCLUSIVE label.",INCONCLUSIVE,True,True,GPT-4.1
SOEA_0215,41808967,INCONCLUSIVE,INCONCLUSIVE,0.65,1,0.2,"The evidence lacks direct statistical data comparing anterior and posterior OB obstruction, making the link to the claim indirect.",LIKELY_CORRECT,True,COMMIT,,"The evidence does not provide direct comparative obstruction data, so maintaining an INCONCLUSIVE label is appropriate.",INCONCLUSIVE,True,True,GPT-4.1
SOEA_0216,41827363,INCONCLUSIVE,INCONCLUSIVE,0.65,1,0.25,The evidence mentions metabolic improvements but does not explicitly report on renal function or eGFR values.,LIKELY_CORRECT,True,SEEK_EVIDENCE,,Additional data specifically addressing renal function or eGFR changes are needed to conclusively evaluate the claim.,INCONCLUSIVE,True,False,GPT-4.1
SOEA_0217,41840726,INCONCLUSIVE,INCONCLUSIVE,0.85,1,0.15,The evidence only describes the data collection method without presenting any results related to the claim.,LIKELY_CORRECT,True,COMMIT,,"The evidence lacks outcome data necessary to support or refute the claim, so the INCONCLUSIVE label remains appropriate.",INCONCLUSIVE,True,True,GPT-4.1
SOEA_0218,41814977,INCONCLUSIVE,INCONCLUSIVE,0.75,1,0.2,"The evidence does not explicitly report subgroup results for preoperative contrast-enhanced CT, only overall imaging-based DL model performance and pathological section models.",LIKELY_CORRECT,True,COMMIT,,"The evidence lacks specific subgroup data on preoperative contrast-enhanced CT, supporting the original inconclusive judgment.",INCONCLUSIVE,True,True,GPT-4.1
SOEA_0219,41790701,SUPPORTED,SUPPORTED,0.95,1,0.1,"The evidence focuses on triglycerides specifically, but the claim mentions uncertainty about which lipid component is most relevant and the nature of causality.",LIKELY_CORRECT,True,COMMIT,,"The Mendelian randomization evidence provides strong support for a causal relationship between triglycerides and endometriosis, directly addressing the claim's uncertainty and supporting it.",SUPPORTED,True,True,GPT-4.1
SOEA_0220,41512208,INCONCLUSIVE,INCONCLUSIVE,0.6,1,0.25,The evidence provides patient and lesion counts but lacks explicit statistical comparisons for lesion numbers and suitability for CVS analysis.,LIKELY_CORRECT,True,COMMIT,,The original label of INCONCLUSIVE appropriately reflects the absence of detailed statistical data supporting the claim beyond patient proportions.,INCONCLUSIVE,True,True,GPT-4.1
SOEA_0221,40404884,REFUTED,INCONCLUSIVE,0.85,0,0.15,"The evidence lacks direct reporting of mean differences and confidence intervals for pain outcomes, limiting support for the claim.",LIKELY_CORRECT,False,COMMIT,,"The original decision appropriately reflects the insufficiency of evidence to confirm or refute the claim, making the INCONCLUSIVE label justified.",INCONCLUSIVE,False,False,GPT-4.1
SOEA_0222,41570275,INCONCLUSIVE,INCONCLUSIVE,0.7,1,0.25,"The evidence lacks explicit results on feasibility outcomes and cisplatin dose reductions, which are critical to confirm the claim.",LIKELY_CORRECT,True,SEEK_EVIDENCE,,Additional data on treatment completion rates and cisplatin dosing after toxicity are needed to conclusively evaluate the claim.,INCONCLUSIVE,True,False,GPT-4.1
SOEA_0223,41843370,INCONCLUSIVE,INCONCLUSIVE,0.2,1,0.15,The evidence lacks any reported outcome data or statistical results related to within-group improvements.,LIKELY_CORRECT,True,COMMIT,,"The evidence only describes study design and baseline characteristics without any results on within-group changes or p-values, so the INCONCLUSIVE label remains appropriate.",INCONCLUSIVE,True,True,GPT-4.1
SOEA_0224,41808362,INCONCLUSIVE,INCONCLUSIVE,0.85,1,0.15,The high heterogeneity (I² = 92.4%) and differing effects by hormone type create complexity in interpreting the overall association.,LIKELY_CORRECT,True,COMMIT,,"The evidence supports a nuanced conclusion with heterogeneous effects, justifying the INCONCLUSIVE label without sufficient grounds to change it.",INCONCLUSIVE,True,True,GPT-4.1
SOEA_0225,41841598,INCONCLUSIVE,INCONCLUSIVE,0.95,1,0.05,"The evidence does not report any hormonal outcomes relevant to the claim, only inflammatory markers.",LIKELY_CORRECT,True,COMMIT,,"The evidence lacks data on hormone levels mentioned in the claim, so the INCONCLUSIVE label remains appropriate.",INCONCLUSIVE,True,True,GPT-4.1
SOEA_0226,41841005,INCONCLUSIVE,INCONCLUSIVE,0.6,1,0.25,"The evidence does not explicitly compare sampling methods or mention interactive free-play versus naturalistic recordings, leaving the claim partially unaddressed.",LIKELY_CORRECT,True,SEEK_EVIDENCE,,Additional data specifically comparing sampling methods and their impact on CBR values is needed to conclusively evaluate the claim.,INCONCLUSIVE,True,False,GPT-4.1
SOEA_0227,41783527,INCONCLUSIVE,INCONCLUSIVE,0.75,1,0.2,The evidence lacks the specific numerical PSS-10 scores and p-value comparison mentioned in the claim.,LIKELY_CORRECT,True,COMMIT,,"The evidence provides general context and methodology but does not confirm or refute the specific statistical claim, supporting the original INCONCLUSIVE label.",INCONCLUSIVE,True,True,GPT-4.1
SOEA_0228,41819560,INCONCLUSIVE,INCONCLUSIVE,0.95,1,0.1,The evidence partially overlaps with the claim but does not explicitly report the exact comparison of camre+CAPOX followed by camre versus CAPOX alone.,LIKELY_CORRECT,True,COMMIT,,"The evidence does not provide direct data for the specific treatment comparison in the claim, supporting the original INCONCLUSIVE judgment.",INCONCLUSIVE,True,True,GPT-4.1
SOEA_0229,41850235,INCONCLUSIVE,INCONCLUSIVE,0.75,1,0.25,The evidence implies a potential interaction and association but lacks direct causal proof and detailed mechanistic explanation in humans.,LIKELY_CORRECT,True,COMMIT,,"The evidence supports an association and suggests a modifying role of 12-HETE on n-3 LCPUFA supplementation effects, but does not fully confirm the claim, justifying the INCONCLUSIVE label.",INCONCLUSIVE,True,True,GPT-4.1
SOEA_0230,41800730,INCONCLUSIVE,SUPPORTED,0.95,0,0.05,The wide confidence intervals in the odds ratios indicate some uncertainty in the precision of the contamination risk estimates.,LIKELY_CORRECT,False,COMMIT,,"Despite some imprecision, the evidence consistently shows no significant increase in contamination risk, supporting the original claim reliably.",SUPPORTED,False,False,GPT-4.1
SOEA_0231,41593669,INCONCLUSIVE,SUPPORTED,0.85,0,0.15,The evidence is based on a relatively short 3-month PFS rate and a small sample size without long-term outcomes or comparative data.,LIKELY_CORRECT,False,COMMIT,,"The reported efficacy and safety data support the claim sufficiently despite limitations, justifying confidence in the original supported label.",SUPPORTED,False,False,GPT-4.1
SOEA_0232,41847904,INCONCLUSIVE,SUPPORTED,0.95,0,0.1,"The sample size is relatively small (n=60), which may limit the generalizability and statistical power of the findings.",LIKELY_CORRECT,False,COMMIT,,"Despite the small sample size, the evidence directly addresses the claim with a rigorous trial design and consistent findings, supporting the original decision.",SUPPORTED,False,False,GPT-4.1
SOEA_0233,29846605,INCONCLUSIVE,INCONCLUSIVE,0.85,1,0.1,"The evidence does not provide any data on adverse effect frequencies, only eradication rates, leaving the claim about adverse effects unverified.",LIKELY_CORRECT,True,COMMIT,,"Since the evidence lacks information on adverse effects, the original INCONCLUSIVE label remains appropriate and reliable.",INCONCLUSIVE,True,True,GPT-4.1
SOEA_0234,41801486,INCONCLUSIVE,INCONCLUSIVE,0.85,1,0.15,The evidence lacks any direct statistical analysis linking nodule size to malignancy despite providing detailed descriptive data.,LIKELY_CORRECT,True,COMMIT,,"The evidence does not contain the specific statistical results needed to support or refute the claim, so maintaining an INCONCLUSIVE label is appropriate.",INCONCLUSIVE,True,True,GPT-4.1
SOEA_0235,41800724,INCONCLUSIVE,INCONCLUSIVE,0.65,1,0.3,The evidence lacks specific quantitative results or statistical outcomes directly supporting the claim's parameters.,LIKELY_CORRECT,True,COMMIT,,The evidence provides a broad overview of the study scope and patient numbers but does not confirm the detailed meta-analytic outcomes required to fully support or refute the claim.,INCONCLUSIVE,True,True,GPT-4.1
SOEA_0236,41836596,INCONCLUSIVE,INCONCLUSIVE,0.65,1,0.25,The evidence outlines the study design and comparison groups but lacks explicit quantitative dosimetric results and p-values to confirm the claim.,LIKELY_CORRECT,True,SEEK_EVIDENCE,,Additional data with specific dosimetric values and statistical significance are needed to conclusively support or refute the claim.,INCONCLUSIVE,True,False,GPT-4.1
SOEA_0237,41843171,REFUTED,SUPPORTED,0.95,0,0.05,"The evidence mentions selective impairment in working memory but does not indicate any conflicting findings about short-term memory, which slightly limits the scope of generalization.",LIKELY_CORRECT,False,COMMIT,,"The systematic review and meta-analysis explicitly support the claim that short-term memory performance is preserved in migraineurs, making the original label reliable.",SUPPORTED,False,False,GPT-4.1
SOEA_0238,41815932,INCONCLUSIVE,INCONCLUSIVE,0.6,1,0.25,The evidence lacks explicit statistical results or p-values directly linked to urinary incontinence improvement despite describing the study design and assessment tools.,LIKELY_CORRECT,True,COMMIT,,"Without specific outcome data or statistical results on urinary incontinence, the INCONCLUSIVE label remains appropriate and reliable.",INCONCLUSIVE,True,True,GPT-4.1
SOEA_0239,41797297,INCONCLUSIVE,SUPPORTED,0.95,0,0.05,"The evidence does not explicitly state the sample size or demographic details, which could affect generalizability.",LIKELY_CORRECT,False,COMMIT,,"The randomized controlled trial with maintained therapeutic gains directly supports the claim, making the original decision reliable.",SUPPORTED,False,False,GPT-4.1
SOEA_0240,41579900,INCONCLUSIVE,INCONCLUSIVE,0.85,1,0.1,The evidence only describes trial registration and recruitment without any outcome data on safety or efficacy.,LIKELY_CORRECT,True,SEEK_EVIDENCE,,Additional data on trial results are needed to determine the safety and efficacy of adjunct corticosteroids in HSV encephalitis.,INCONCLUSIVE,True,False,GPT-4.1
SOEA_0241,41821581,INCONCLUSIVE,INCONCLUSIVE,0.85,1,0.15,"The evidence provides detailed OS data only for a specific subgroup, not the overall population as claimed.",LIKELY_CORRECT,True,COMMIT,,"The claim refers to median OS in the entire cohort, but the evidence only reports subgroup OS data, making the conclusion inconclusive.",INCONCLUSIVE,True,True,GPT-4.1
SOEA_0242,41853025,INCONCLUSIVE,INCONCLUSIVE,0.3,1,0.15,The evidence lacks any quantitative results or statistical analysis to support the claim of significant improvements.,LIKELY_CORRECT,True,SEEK_EVIDENCE,INCONCLUSIVE,Additional data on outcome measures and statistical significance are needed to confirm or refute the claim.,INCONCLUSIVE,True,False,GPT-4.1
SOEA_0243,41833700,INCONCLUSIVE,INCONCLUSIVE,0.95,1,0.15,The evidence mentions preliminary outcomes but does not provide explicit statistical results confirming the claim's p-values.,LIKELY_CORRECT,True,SEEK_EVIDENCE,,Additional detailed results or statistical data are needed to confirm the claim's specific pre-to-post distress reductions and significance levels.,INCONCLUSIVE,True,False,GPT-4.1
SOEA_0244,41853315,INCONCLUSIVE,INCONCLUSIVE,0.85,1,0.1,The evidence only describes the phantom design without any comparative reproducibility results for the GE scanner.,LIKELY_CORRECT,True,COMMIT,,"The evidence lacks any data or findings related to scanner reproducibility, so the INCONCLUSIVE label remains appropriate.",INCONCLUSIVE,True,True,GPT-4.1
SOEA_0245,41846839,INCONCLUSIVE,INCONCLUSIVE,0.6,1,0.25,The evidence lacks direct statistical results or effect sizes to confirm the claim despite describing the study scope.,LIKELY_CORRECT,True,SEEK_EVIDENCE,,Additional data with actual meta-analysis results are needed to conclusively support or refute the claim.,INCONCLUSIVE,True,False,GPT-4.1
SOEA_0246,41800354,INCONCLUSIVE,INCONCLUSIVE,0.65,1,0.25,The evidence lacks explicit statistical results or direct statements confirming the association described in the claim.,LIKELY_CORRECT,True,SEEK_EVIDENCE,,Additional data on statistical significance and direct outcome comparisons are needed to confidently support or refute the claim.,INCONCLUSIVE,True,False,GPT-4.1
SOEA_0247,41843195,INCONCLUSIVE,INCONCLUSIVE,0.65,1,0.3,The evidence lacks explicit numerical outcome data and p-values directly confirming the claim's statistics.,LIKELY_CORRECT,True,SEEK_EVIDENCE,,Additional specific outcome data and statistical results are needed to confidently support or refute the claim.,INCONCLUSIVE,True,False,GPT-4.1
SOEA_0248,41761579,INCONCLUSIVE,INCONCLUSIVE,0.75,1,0.2,"The evidence partially overlaps with the claim for HLA-A*33:03 but lacks direct mention of DQB1*06:03 with PM, creating uncertainty.",LIKELY_CORRECT,True,COMMIT,,"The evidence does not fully support the claim, particularly for DQB1*06:03 with PM, so maintaining INCONCLUSIVE is appropriate.",INCONCLUSIVE,True,True,GPT-4.1
SOEA_0249,41855389,INCONCLUSIVE,INCONCLUSIVE,0.65,1,0.2,"The evidence does not report on strength gains or rate of force development, only on muscle mass changes.",LIKELY_CORRECT,True,COMMIT,,"The evidence lacks direct measures of strength or rate of force development, so the INCONCLUSIVE label remains appropriate.",INCONCLUSIVE,True,True,GPT-4.1
SOEA_0250,41760085,INCONCLUSIVE,SUPPORTED,0.95,0,0.1,"The evidence excerpt is incomplete and partially truncated, limiting full verification of all reported statistics.",LIKELY_CORRECT,False,COMMIT,,"Despite partial truncation, the available evidence clearly supports the claim with matching statistics and significant p-values.",SUPPORTED,False,False,GPT-4.1
SOEA_0251,41842899,REFUTED,SUPPORTED,0.95,0,0.05,"The evidence provides aggregated data from a slightly different patient subset and outcome measure, which could introduce minor discrepancies in interpretation.",LIKELY_CORRECT,False,COMMIT,,"The evidence aligns well with the claim's conclusion of no significant reduction in unplanned 30-day utilization, supporting the original label with high confidence.",SUPPORTED,False,False,GPT-4.1
SOEA_0252,41653645,INCONCLUSIVE,INCONCLUSIVE,0.65,1,0.25,"The evidence lacks direct reporting of ARR and EDSS values or their statistical comparisons, which are critical to fully support or refute the claim.",LIKELY_CORRECT,True,SEEK_EVIDENCE,INCONCLUSIVE,Additional data explicitly reporting ARR and EDSS changes with statistical analysis are needed to conclusively evaluate the claim.,INCONCLUSIVE,True,False,GPT-4.1
SOEA_0253,41778148,INCONCLUSIVE,INCONCLUSIVE,0.65,1,0.25,"The evidence does not provide any data on secondary efficacy measures like response rate or Clinical Global Impression-Improvement scores, limiting confirmation of the claim.",LIKELY_CORRECT,True,SEEK_EVIDENCE,,Additional data on secondary efficacy outcomes are needed to conclusively support or refute the claim.,INCONCLUSIVE,True,False,GPT-4.1
SOEA_0254,41570392,SUPPORTED,SUPPORTED,0.9,1,0.1,"The evidence does not explicitly address safety outcomes, only efficacy in cognitive decline.",LIKELY_CORRECT,True,COMMIT,,"The evidence sufficiently supports the efficacy claim with statistically significant results, and the lack of direct safety data does not negate the overall support for the claim.",SUPPORTED,True,True,GPT-4.1
SOEA_0255,41845930,INCONCLUSIVE,INCONCLUSIVE,0.4,1,0.15,The evidence only includes study background and methods without any reported results or statistical outcomes.,LIKELY_CORRECT,True,COMMIT,,"Since the evidence lacks outcome data, the INCONCLUSIVE label remains appropriate and reliable.",INCONCLUSIVE,True,True,GPT-4.1
SOEA_0256,34586472,INCONCLUSIVE,INCONCLUSIVE,0.65,1,0.25,"The evidence lacks explicit reporting of EULAR good response rates and p-values, which are critical to fully support the claim.",LIKELY_CORRECT,True,SEEK_EVIDENCE,,Additional data on the actual EULAR response rates and statistical significance are needed to conclusively verify the claim.,INCONCLUSIVE,True,False,GPT-4.1
SOEA_0257,41853923,INCONCLUSIVE,INCONCLUSIVE,0.75,1,0.1,The evidence lacks any comparative statistics on age or cancer subtype despite reporting variant frequencies.,LIKELY_CORRECT,True,COMMIT,,"The evidence does not address the specific comparative claims about age and mixed-type gastric cancer, supporting the original INCONCLUSIVE label.",INCONCLUSIVE,True,True,GPT-4.1
SOEA_0258,41599022,INCONCLUSIVE,INCONCLUSIVE,0.75,1,0.25,The evidence shows related serotypes and genomic data but lacks direct phylogenetic or epidemiological proof of transmission pathways.,LIKELY_CORRECT,True,COMMIT,,"The evidence is suggestive but not definitive, supporting an inconclusive judgment without stronger transmission data.",INCONCLUSIVE,True,True,GPT-4.1
SOEA_0259,41827345,INCONCLUSIVE,INCONCLUSIVE,0.6,1,0.25,The evidence lacks explicit statistical comparisons between the control and training groups despite describing group assignments and PCA results.,LIKELY_CORRECT,True,SEEK_EVIDENCE,,Additional data on statistical comparisons of scores between groups is needed to confirm or refute the claim.,INCONCLUSIVE,True,False,GPT-4.1
SOEA_0260,41713473,REFUTED,INCONCLUSIVE,0.95,0,0.1,"The evidence lacks explicit data on pathological complete response rates after exactly three cycles of chemotherapy, focusing instead on event-free survival and overall treatment outcomes.",LIKELY_CORRECT,False,COMMIT,,"The evidence does not directly address the claim about pathological complete response proportions after three cycles, supporting the original INCONCLUSIVE label.",INCONCLUSIVE,False,False,GPT-4.1
SOEA_0261,41589912,INCONCLUSIVE,INCONCLUSIVE,0.65,1,0.25,"The evidence lacks explicit results or conclusions about infants' attribution of agent and patient roles, making it unclear if the claim is supported.",LIKELY_CORRECT,True,COMMIT,,"Given the absence of outcome data in the evidence, the INCONCLUSIVE label remains appropriate and reliable.",INCONCLUSIVE,True,True,GPT-4.1
SOEA_0262,41395185,INCONCLUSIVE,SUPPORTED,0.95,0,0.05,"The confidence intervals for some ORs are wide and include values suggesting potential effects, indicating some imprecision in estimates.",LIKELY_CORRECT,False,COMMIT,,"All reported P-values exceed 0.05, directly supporting the claim of no statistically significant associations, making the original conclusion reliable.",SUPPORTED,False,False,GPT-4.1
SOEA_0263,41819019,INCONCLUSIVE,INCONCLUSIVE,0.75,1,0.2,"The evidence confirms guideline development and consensus but lacks direct outcome data on safety, effectiveness, or acceptance.",LIKELY_CORRECT,True,COMMIT,,"The evidence supports the process of guideline development but does not provide sufficient data to confirm the claim about enhanced safety, effectiveness, or acceptance.",INCONCLUSIVE,True,True,GPT-4.1
SOEA_0264,26051365,SUPPORTED,SUPPORTED,0.98,1,0.02,"The evidence excerpt is truncated and does not fully detail all aspects of the claim, leaving minor uncertainty about complete alignment.",LIKELY_CORRECT,True,COMMIT,,"Despite partial truncation, the available evidence sufficiently supports the claim regarding trial design, patient criteria, and endpoints.",SUPPORTED,True,True,GPT-4.1
SOEA_0265,41768809,INCONCLUSIVE,INCONCLUSIVE,0.65,1,0.25,The evidence lacks explicit statistical results directly confirming the claim's validity metrics.,LIKELY_CORRECT,True,SEEK_EVIDENCE,,Additional specific statistical results are needed to conclusively support or refute the claim regarding discriminative and convergent validity.,INCONCLUSIVE,True,False,GPT-4.1
SOEA_0266,41467487,INCONCLUSIVE,INCONCLUSIVE,0.75,1,0.2,The evidence outlines the experimental design but lacks outcome data to confirm or refute the claim.,LIKELY_CORRECT,True,COMMIT,,"Without results or conclusions, the evidence cannot definitively support or refute the claim, making the INCONCLUSIVE label appropriate.",INCONCLUSIVE,True,True,GPT-4.1
SOEA_0267,41766498,INCONCLUSIVE,INCONCLUSIVE,0.85,1,0.1,The evidence lacks the detailed adjusted odds ratios and statistical analyses needed to fully support the claim.,LIKELY_CORRECT,True,COMMIT,,"The evidence does not provide sufficient statistical detail to confirm the claim, so maintaining an INCONCLUSIVE label is appropriate.",INCONCLUSIVE,True,True,GPT-4.1
SOEA_0268,34896609,INCONCLUSIVE,INCONCLUSIVE,0.85,1,0.1,"The evidence focuses on treatment outcomes rather than prevalence or impact on quality of life, which is central to the claim.",LIKELY_CORRECT,True,COMMIT,,"The evidence does not address the claim about the commonality or impact of low back pain, so the INCONCLUSIVE label remains appropriate.",INCONCLUSIVE,True,True,GPT-4.1
SOEA_0269,41776716,INCONCLUSIVE,SUPPORTED,0.95,0,0.05,"The evidence does not explicitly mention tympanometry results or detailed complication rates, which are part of the claim.",LIKELY_CORRECT,False,COMMIT,,The statistically significant improvement in ETDQ-7 scores and adherence to rigorous meta-analysis standards strongly support the claim despite minor gaps in reported outcomes.,SUPPORTED,False,False,GPT-4.1
SOEA_0270,41854206,INCONCLUSIVE,INCONCLUSIVE,0.65,1,0.25,The evidence provides detailed methodology and partial results but lacks the specific numerical comparisons and p-values stated in the claim.,LIKELY_CORRECT,True,SEEK_EVIDENCE,,Additional data or statistical results are needed to fully confirm or refute the claim as the current evidence is incomplete.,INCONCLUSIVE,True,False,GPT-4.1
SOEA_0271,41843288,INCONCLUSIVE,INCONCLUSIVE,0.65,1,0.2,The evidence provides strong diagnostic accuracy metrics but lacks any data on diagnosis speed or time reduction.,LIKELY_CORRECT,True,COMMIT,,"The evidence does not address the claim's key aspect of evaluation time reduction, supporting the original INCONCLUSIVE label.",INCONCLUSIVE,True,True,GPT-4.1
SOEA_0272,41805449,INCONCLUSIVE,INCONCLUSIVE,0.95,1,0.05,The evidence only outlines a study protocol without presenting outcome data on quality of life impact.,LIKELY_CORRECT,True,COMMIT,,"The evidence does not provide results to support or refute the claim, so maintaining the INCONCLUSIVE label is appropriate.",INCONCLUSIVE,True,True,GPT-4.1
SOEA_0273,41787726,INCONCLUSIVE,INCONCLUSIVE,0.65,1,0.25,"The evidence confirms increased NTDs with heat treatment but lacks any mention of somite counts or developmental delay, which are key to the claim.",LIKELY_CORRECT,True,COMMIT,,"The evidence partially supports the claim regarding NTD increase but does not address developmental delay or somite number, justifying the INCONCLUSIVE label.",INCONCLUSIVE,True,True,GPT-4.1
SOEA_0274,31531962,INCONCLUSIVE,INCONCLUSIVE,0.85,1,0.15,The evidence lacks explicit details on the randomization and switching protocol despite describing the overall trial design.,LIKELY_CORRECT,True,COMMIT,,"The evidence provides a general trial framework but does not confirm the specific claim about randomization and drug switching, supporting the original inconclusive label.",INCONCLUSIVE,True,True,GPT-4.1
SOEA_0275,41854192,REFUTED,INCONCLUSIVE,0.85,0,0.15,"The evidence shows significant changes in lean mass and bone mineral content but does not explicitly mention fat mass or anthropometric measures, leaving ambiguity about the claim.",LIKELY_CORRECT,False,COMMIT,,"The evidence partially addresses body composition changes but lacks specific data on fat mass and anthropometric measures, supporting the INCONCLUSIVE label.",INCONCLUSIVE,False,False,GPT-4.1
SOEA_0276,41825926,INCONCLUSIVE,INCONCLUSIVE,0.65,1,0.25,The evidence shows strong associations in seronegative RA patients but lacks direct data on the total RA cohort as claimed.,LIKELY_CORRECT,True,COMMIT,,"The evidence does not directly support the claim about the total RA cohort, so maintaining an INCONCLUSIVE label is appropriate.",INCONCLUSIVE,True,True,GPT-4.1
SOEA_0277,41832351,INCONCLUSIVE,INCONCLUSIVE,0.65,1,0.25,The evidence mentions the use of relevant statistical tests but does not provide specific results or significance values to confirm the claim.,LIKELY_CORRECT,True,SEEK_EVIDENCE,,Additional detailed statistical results are needed to confirm the claim's assertions about significant differences and predictive relationships.,INCONCLUSIVE,True,False,GPT-4.1
SOEA_0278,41486656,INCONCLUSIVE,INCONCLUSIVE,0.95,1,0.1,Wide confidence intervals and overlapping efficacy rates without statistical significance indicate uncertainty in comparative effectiveness.,LIKELY_CORRECT,True,COMMIT,,"The evidence does not provide statistically significant differences between treatments, supporting the original INCONCLUSIVE judgment.",INCONCLUSIVE,True,True,GPT-4.1
SOEA_0279,41634905,INCONCLUSIVE,INCONCLUSIVE,0.85,1,0.1,"The evidence lacks direct data on symptom reduction and tolerability outcomes from the original phase 3 trials, only describing an open-label extension study.",LIKELY_CORRECT,True,COMMIT,,"The evidence does not provide sufficient information to confirm or refute the claim about symptom reduction and tolerability in the phase 3 trials, supporting the original INCONCLUSIVE label.",INCONCLUSIVE,True,True,GPT-4.1
SOEA_0280,41836614,INCONCLUSIVE,INCONCLUSIVE,0.85,1,0.15,The evidence outlines current integration but lacks direct evaluation of the impact of improved integration on service enhancement.,LIKELY_CORRECT,True,COMMIT,,"The evidence does not provide sufficient data to support or refute the claim, so maintaining an INCONCLUSIVE label is appropriate.",INCONCLUSIVE,True,True,GPT-4.1
SOEA_0281,41789994,INCONCLUSIVE,INCONCLUSIVE,0.85,1,0.15,"Lack of specific survival or response data for MAPK, JAK-STAT, epigenetic, or developmental pathways in the evidence creates uncertainty.",LIKELY_CORRECT,True,COMMIT,,"The evidence sufficiently supports conclusions about PI3K/AKT/mTOR and other pathways but does not provide enough data to confirm or refute the claim regarding MAPK, JAK-STAT, epigenetic, or developmental pathways.",INCONCLUSIVE,True,True,GPT-4.1
SOEA_0282,41828570,INCONCLUSIVE,INCONCLUSIVE,0.95,1,0.1,"The evidence lacks any mention of glycan profiling or specific glycan changes, which are central to the claim.",LIKELY_CORRECT,True,SEEK_EVIDENCE,,Additional data specifically addressing glycan measurements are needed to confirm or refute the claim about hybrid-type and tetraantennary glycans.,INCONCLUSIVE,True,False,GPT-4.1
SOEA_0283,41773691,REFUTED,REFUTED,0.95,1,0.1,"The evidence provides sensitivity and specificity values for a subgroup deep learning ECG model that are lower than the claim, but it is unclear if these represent the overall ECG-based model meta-analysis results.",LIKELY_CORRECT,True,COMMIT,,"The evidence contradicts the claim's reported sensitivity and specificity values for ECG-based models, supporting the original REFUTED label.",REFUTED,True,True,GPT-4.1
SOEA_0284,41826038,INCONCLUSIVE,INCONCLUSIVE,0.65,1,0.25,The evidence lacks the specific correlation coefficients and p-values needed to directly confirm the claim.,LIKELY_CORRECT,True,SEEK_EVIDENCE,,Additional data reporting the actual correlation statistics are necessary to conclusively support or refute the claim.,INCONCLUSIVE,True,False,GPT-4.1
SOEA_0285,41855454,SUPPORTED,SUPPORTED,0.95,1,0.05,"The p-value for trend is borderline significant (p = 0.04), and some confidence intervals for adjusted odds ratios are close to 1, indicating some uncertainty in the strength of the association.",LIKELY_CORRECT,True,COMMIT,,"The evidence sufficiently supports the claim with statistically significant trend and increasing odds ratios, justifying the original SUPPORTED label.",SUPPORTED,True,True,GPT-4.1
SOEA_0286,41851926,INCONCLUSIVE,INCONCLUSIVE,0.4,1,0.25,The evidence lacks direct statistical correlation data but is consistent with a study design that could produce such results.,LIKELY_CORRECT,True,SEEK_EVIDENCE,INCONCLUSIVE,Additional data showing the actual correlation coefficients and p-values are needed to confirm the claim.,INCONCLUSIVE,True,False,GPT-4.1
SOEA_0287,41806042,INCONCLUSIVE,SUPPORTED,0.85,0,0.15,"The evidence only shows sex-specific effects in one subgroup, which may limit generalizability to broader physiological or environmental contexts.",LIKELY_CORRECT,False,COMMIT,,"The evidence directly supports the claim by demonstrating context-dependent efficacy of geroprotectors, justifying the original supported label.",SUPPORTED,False,False,GPT-4.1
SOEA_0288,41812137,INCONCLUSIVE,INCONCLUSIVE,0.6,1,0.25,The evidence lacks specific quantitative results or statistical tests directly addressing the claim about stressor counts and average stress levels.,LIKELY_CORRECT,True,SEEK_EVIDENCE,,Additional data or statistical outcomes are needed to confirm or refute the claim conclusively.,INCONCLUSIVE,True,False,GPT-4.1
SOEA_0289,41738671,INCONCLUSIVE,INCONCLUSIVE,0.65,1,0.2,Lack of outcome data (EFS/OS) for ALL-Ph13 prevents confirmation that comparable outcomes were maintained despite reduced HSCT.,LIKELY_CORRECT,True,SEEK_EVIDENCE,,Additional outcome data for ALL-Ph13 is needed to determine if comparable survival was maintained with reduced HSCT.,INCONCLUSIVE,True,False,GPT-4.1
SOEA_0290,41834245,INCONCLUSIVE,INCONCLUSIVE,0.85,1,0.15,"The evidence lacks outcome data or explicit preliminary results indicating clinical utility, making it unclear if the claim is supported.",LIKELY_CORRECT,True,COMMIT,,"The evidence only describes study design and enrollment without results, so the INCONCLUSIVE label remains appropriate.",INCONCLUSIVE,True,True,GPT-4.1
SOEA_0291,41717976,INCONCLUSIVE,INCONCLUSIVE,0.65,1,0.25,The evidence details the analytical approach but omits explicit results or statistical outcomes related to the claim.,LIKELY_CORRECT,True,COMMIT,,"Without reported results, maintaining an INCONCLUSIVE label is appropriate and reflects the current evidence limitations.",INCONCLUSIVE,True,True,GPT-4.1
SOEA_0292,41785574,INCONCLUSIVE,INCONCLUSIVE,0.85,1,0.1,"The evidence provides detailed pooled means but only for sulphonamides, not tetracyclines, which the claim focuses on.",LIKELY_CORRECT,True,COMMIT,,"The evidence does not address tetracycline residues, so the original INCONCLUSIVE label remains appropriate.",INCONCLUSIVE,True,True,GPT-4.1
SOEA_0293,41849308,INCONCLUSIVE,INCONCLUSIVE,0.85,1,0.15,The evidence only describes the study design and variables without presenting results or conclusions about prior research addressing road traffic noise.,LIKELY_CORRECT,True,COMMIT,,"The current evidence does not provide sufficient information to confirm or refute the claim, so maintaining an INCONCLUSIVE label is appropriate.",INCONCLUSIVE,True,True,GPT-4.1
SOEA_0294,41821893,INCONCLUSIVE,INCONCLUSIVE,0.85,1,0.15,The evidence lacks direct histopathological data or statistical results to confirm the claim's specific findings.,LIKELY_CORRECT,True,COMMIT,,"The evidence does not provide sufficient direct data to support or refute the claim, justifying the INCONCLUSIVE label.",INCONCLUSIVE,True,True,GPT-4.1
SOEA_0295,41670966,INCONCLUSIVE,INCONCLUSIVE,0.6,1,0.25,"The evidence lacks explicit outcome data on treatment engagement at day 7, which is critical to confirm or refute the claim.",LIKELY_CORRECT,True,SEEK_EVIDENCE,,Additional data on the actual treatment engagement outcomes at day 7 are needed to conclusively evaluate the claim.,INCONCLUSIVE,True,False,GPT-4.1
SOEA_0296,41852303,INCONCLUSIVE,INCONCLUSIVE,0.65,1,0.25,The evidence confirms improved PFS and OS with the combination therapy but lacks the precise numerical data and statistical values cited in the claim.,LIKELY_CORRECT,True,COMMIT,,"The evidence supports the general claim of improved survival outcomes but does not provide the exact statistics, justifying the INCONCLUSIVE label without changing it.",INCONCLUSIVE,True,True,GPT-4.1
SOEA_0297,41784838,INCONCLUSIVE,INCONCLUSIVE,0.4,1,0.25,The evidence lacks explicit statistical results or outcome data to confirm the claim.,LIKELY_CORRECT,True,SEEK_EVIDENCE,,Additional detailed results or statistical data are needed to confidently support or refute the claim.,INCONCLUSIVE,True,False,GPT-4.1
SOEA_0298,36952546,INCONCLUSIVE,INCONCLUSIVE,0.85,1,0.15,The evidence only describes a planned trial without results or explicit policy confirmation of HPV testing introduction.,LIKELY_CORRECT,True,COMMIT,,"The evidence does not provide direct confirmation of the policy change, so maintaining an INCONCLUSIVE label is appropriate.",INCONCLUSIVE,True,True,GPT-4.1
SOEA_0299,41848079,INCONCLUSIVE,INCONCLUSIVE,0.85,1,0.15,"The evidence lacks any mention of funnel plot analysis or publication bias assessment, which is central to the claim.",LIKELY_CORRECT,True,COMMIT,,"The original evidence does not address publication bias or funnel plot findings, so the INCONCLUSIVE label remains appropriate.",INCONCLUSIVE,True,True,GPT-4.1
SOEA_0300,41839159,INCONCLUSIVE,INCONCLUSIVE,0.65,1,0.25,The evidence suggests potential and support but lacks direct comparative data or statistical validation against existing technologies.,LIKELY_CORRECT,True,COMMIT,,The original decision appropriately reflects the insufficiency of direct comparative evidence despite supportive statements in the evidence.,INCONCLUSIVE,True,True,GPT-4.1
